[
{"url": "https://wallpapers.wallhaven.cc/wallpapers/full/wallhaven-733460.jpg"},
{"url": "https://wallpapers.wallhaven.cc/wallpapers/full/wallhaven-733459.png"},
{"url": "https://wallpapers.wallhaven.cc/wallpapers/full/wallhaven-733458.png"},
{"url": "https://wallpapers.wallhaven.cc/wallpapers/full/wallhaven-733457.jpg"},
{"url": "https://wallpapers.wallhaven.cc/wallpapers/full/wallhaven-733456.jpg"},
{"url": "https://wallpapers.wallhaven.cc/wallpapers/full/wallhaven-733463.jpg"},
{"url": "https://wallpapers.wallhaven.cc/wallpapers/full/wallhaven-733462.jpg"},
{"url": "https://wallpapers.wallhaven.cc/wallpapers/full/wallhaven-733461.jpg"},
{"url": "https://wallpapers.wallhaven.cc/wallpapers/full/wallhaven-733454.jpg"},
{"url": "https://wallpapers.wallhaven.cc/wallpapers/full/wallhaven-733453.jpg"},
{"url": "https://wallpapers.wallhaven.cc/wallpapers/full/wallhaven-733451.jpg"},
{"url": "https://wallpapers.wallhaven.cc/wallpapers/full/wallhaven-733465.png"},
{"url": "https://wallpapers.wallhaven.cc/wallpapers/full/wallhaven-733464.png"},
{"url": "https://wallpapers.wallhaven.cc/wallpapers/full/wallhaven-733472.jpg"},
{"url": "https://wallpapers.wallhaven.cc/wallpapers/full/wallhaven-733474.png"},
{"url": "https://wallpapers.wallhaven.cc/wallpapers/full/wallhaven-733455.jpg"},
{"url": "https://wallpapers.wallhaven.cc/wallpapers/full/wallhaven-733484.png"},
{"url": "https://wallpapers.wallhaven.cc/wallpapers/full/wallhaven-733482.png"},
{"url": "https://wallpapers.wallhaven.cc/wallpapers/full/wallhaven-733480.png"},
{"url": "https://wallpapers.wallhaven.cc/wallpapers/full/wallhaven-733483.png"},
{"url": "https://wallpapers.wallhaven.cc/wallpapers/full/wallhaven-733481.png"},
{"url": "https://wallpapers.wallhaven.cc/wallpapers/full/wallhaven-733485.png"},
{"url": "https://wallpapers.wallhaven.cc/wallpapers/full/wallhaven-733486.jpg"},
{"url": "https://wallpapers.wallhaven.cc/wallpapers/full/wallhaven-733487.jpg"}
]